Time,Mode,Dof,ControlType,PointOfInterest,Cycle,Fn,Ft,deltaN,deltaN,eeRadius,CombinedE,ContactRadius,PlanarA,SphericalA,MeanStress,MeanStrain,ElasticStrainEnergy_N,YoungModulusNS,PoissonNS,CouplingBetaNS,ShearModulusNS,ComplianceN_NS,ComplianceT_NS,CentroidX,CentroidY,CentroidZ
0.013687,1,1,0,5,0,4.84321,-0.409694,-4.71565,0.00367951,30,-nan(ind),-nan(ind),-nan(ind),-888.88,-nan(ind),-nan(ind),-nan(ind),-nan(ind),2.05859,1.47233,-nan(ind),-nan(ind),0,-1.32108,-1.19996,29.9469
0.077179,1,1,0,5,0,8.60939,-0.729071,-4.71565,0.00367951,30,-nan(ind),-nan(ind),-nan(ind),-888.88,-nan(ind),-nan(ind),-nan(ind),-nan(ind),2.05852,1.47236,-nan(ind),-nan(ind),0,-1.3193,-1.2014,29.9469
0.085787,1,1,0,5,0,8.60994,-0.729083,-4.71565,0.00367951,30,-nan(ind),-nan(ind),-nan(ind),-888.88,-nan(ind),-nan(ind),-nan(ind),-nan(ind),2.05852,1.47236,-nan(ind),-nan(ind),0,-1.31753,-1.20476,29.9468
0.096701,1,1,0,5,0,8.60993,-0.729248,-4.71565,0.00367951,30,-nan(ind),-nan(ind),-nan(ind),-888.88,-nan(ind),-nan(ind),-nan(ind),-nan(ind),2.05851,1.47236,-nan(ind),-nan(ind),0,-1.32519,-1.20345,29.9465
0.107702,1,1,0,5,0,8.61006,-0.729213,-4.71565,0.00367951,30,-nan(ind),-nan(ind),-nan(ind),-888.88,-nan(ind),-nan(ind),-nan(ind),-nan(ind),2.05851,1.47236,-nan(ind),-nan(ind),0,-1.32302,-1.20522,29.9466
0.118747,1,1,0,5,0,8.61,-0.728955,-4.71565,0.00367951,30,-nan(ind),-nan(ind),-nan(ind),-888.88,-nan(ind),-nan(ind),-nan(ind),-nan(ind),2.05853,1.47235,-nan(ind),-nan(ind),0,-1.32105,-1.20038,29.9469
0.130624,1,1,0,5,0,8.61014,-0.728977,-4.71565,0.00367951,30,-nan(ind),-nan(ind),-nan(ind),-888.88,-nan(ind),-nan(ind),-nan(ind),-nan(ind),2.05853,1.47235,-nan(ind),-nan(ind),0,-1.3192,-1.1993,29.947
0.142662,1,1,0,5,0,8.60883,-0.729028,-4.71565,0.00367951,30,-nan(ind),-nan(ind),-nan(ind),-888.88,-nan(ind),-nan(ind),-nan(ind),-nan(ind),2.05852,1.47236,-nan(ind),-nan(ind),0,-1.32086,-1.20284,29.9468
0.153649,1,1,0,5,0,8.6081,-0.728975,-4.71565,0.00367951,30,-nan(ind),-nan(ind),-nan(ind),-888.88,-nan(ind),-nan(ind),-nan(ind),-nan(ind),2.05852,1.47236,-nan(ind),-nan(ind),0,-1.32378,-1.1951,29.9469
0.165302,1,1,0,5,0,8.6084,-0.728903,-4.71565,0.00367951,30,-nan(ind),-nan(ind),-nan(ind),-888.88,-nan(ind),-nan(ind),-nan(ind),-nan(ind),2.05853,1.47235,-nan(ind),-nan(ind),0,-1.31648,-1.20119,29.947
0.175534,1,1,0,5,0,8.60885,-0.728957,-4.71565,0.00367951,30,-nan(ind),-nan(ind),-nan(ind),-888.88,-nan(ind),-nan(ind),-nan(ind),-nan(ind),2.05853,1.47236,-nan(ind),-nan(ind),0,-1.32174,-1.20505,29.9466
0.187173,1,1,0,5,0,8.60886,-0.728827,-4.71565,0.00367951,30,-nan(ind),-nan(ind),-nan(ind),-888.88,-nan(ind),-nan(ind),-nan(ind),-nan(ind),2.05854,1.47235,-nan(ind),-nan(ind),0,-1.31914,-1.20052,29.9469
0.197663,1,1,0,5,0,8.61094,-0.728873,-4.71565,0.00367951,30,-nan(ind),-nan(ind),-nan(ind),-888.88,-nan(ind),-nan(ind),-nan(ind),-nan(ind),2.05855,1.47235,-nan(ind),-nan(ind),0,-1.3168,-1.20707,29.9468
0.208433,1,1,0,5,0,8.61076,-0.728836,-4.71565,0.00367951,30,-nan(ind),-nan(ind),-nan(ind),-888.88,-nan(ind),-nan(ind),-nan(ind),-nan(ind),2.05855,1.47234,-nan(ind),-nan(ind),0,-1.32184,-1.20136,29.9468
0.220399,1,1,0,5,0,8.60995,-0.728854,-4.71565,0.00367951,30,-nan(ind),-nan(ind),-nan(ind),-888.88,-nan(ind),-nan(ind),-nan(ind),-nan(ind),2.05854,1.47235,-nan(ind),-nan(ind),0,-1.32427,-1.19978,29.9467
0.231353,1,1,0,5,0,8.60859,-0.728881,-4.71565,0.00367951,30,-nan(ind),-nan(ind),-nan(ind),-888.88,-nan(ind),-nan(ind),-nan(ind),-nan(ind),2.05853,1.47235,-nan(ind),-nan(ind),0,-1.31789,-1.20589,29.9468
0.24342,1,1,0,5,0,8.60908,-0.728913,-4.71565,0.00367951,30,-nan(ind),-nan(ind),-nan(ind),-888.88,-nan(ind),-nan(ind),-nan(ind),-nan(ind),2.05853,1.47235,-nan(ind),-nan(ind),0,-1.31636,-1.20437,29.9469
0.255338,1,1,0,5,0,8.60892,-0.729042,-4.71565,0.00367951,30,-nan(ind),-nan(ind),-nan(ind),-888.88,-nan(ind),-nan(ind),-nan(ind),-nan(ind),2.05852,1.47236,-nan(ind),-nan(ind),0,-1.32642,-1.20238,29.9465
0.266297,1,1,0,5,0,8.60861,-0.729074,-4.71565,0.00367951,30,-nan(ind),-nan(ind),-nan(ind),-888.88,-nan(ind),-nan(ind),-nan(ind),-nan(ind),2.05851,1.47236,-nan(ind),-nan(ind),0,-1.3256,-1.2029,29.9465
0.27758,1,1,0,5,0,8.60946,-0.728915,-4.71565,0.00367951,30,-nan(ind),-nan(ind),-nan(ind),-888.88,-nan(ind),-nan(ind),-nan(ind),-nan(ind),2.05853,1.47235,-nan(ind),-nan(ind),0,-1.31762,-1.20349,29.9469
0.289577,1,1,0,5,0,8.60981,-0.728789,-4.71565,0.00367951,30,-nan(ind),-nan(ind),-nan(ind),-888.88,-nan(ind),-nan(ind),-nan(ind),-nan(ind),2.05855,1.47235,-nan(ind),-nan(ind),0,-1.32337,-1.1997,29.9468
0.301206,1,1,0,5,0,8.60919,-0.728848,-4.71565,0.00367951,30,-nan(ind),-nan(ind),-nan(ind),-888.88,-nan(ind),-nan(ind),-nan(ind),-nan(ind),2.05854,1.47235,-nan(ind),-nan(ind),0,-1.32273,-1.20299,29.9467
0.312235,1,1,0,5,0,8.60823,-0.728809,-4.71565,0.00367951,30,-nan(ind),-nan(ind),-nan(ind),-888.88,-nan(ind),-nan(ind),-nan(ind),-nan(ind),2.05853,1.47235,-nan(ind),-nan(ind),0,-1.31769,-1.1983,29.9471
0.323175,1,1,0,5,0,8.6091,-0.728832,-4.71565,0.00367951,30,-nan(ind),-nan(ind),-nan(ind),-888.88,-nan(ind),-nan(ind),-nan(ind),-nan(ind),2.05854,1.47235,-nan(ind),-nan(ind),0,-1.32953,-1.20083,29.9465
0.334732,1,1,0,5,0,8.6101,-0.728759,-4.71565,0.00367951,30,-nan(ind),-nan(ind),-nan(ind),-888.88,-nan(ind),-nan(ind),-nan(ind),-nan(ind),2.05855,1.47234,-nan(ind),-nan(ind),0,-1.32028,-1.20201,29.9468
0.345879,1,1,0,5,0,8.60931,-0.72878,-4.71565,0.00367951,30,-nan(ind),-nan(ind),-nan(ind),-888.88,-nan(ind),-nan(ind),-nan(ind),-nan(ind),2.05854,1.47235,-nan(ind),-nan(ind),0,-1.31612,-1.20345,29.9469
0.356438,1,1,0,5,0,8.60811,-0.728962,-4.71565,0.00367951,30,-nan(ind),-nan(ind),-nan(ind),-888.88,-nan(ind),-nan(ind),-nan(ind),-nan(ind),2.05852,1.47236,-nan(ind),-nan(ind),0,-1.31925,-1.21103,29.9465
0.368525,1,1,0,5,0,8.60982,-0.728967,-4.71565,0.00367951,30,-nan(ind),-nan(ind),-nan(ind),-888.88,-nan(ind),-nan(ind),-nan(ind),-nan(ind),2.05853,1.47235,-nan(ind),-nan(ind),0,-1.31999,-1.20339,29.9468
0.379508,1,1,0,5,0,8.61133,-0.728853,-4.71565,0.00367951,30,-nan(ind),-nan(ind),-nan(ind),-888.88,-nan(ind),-nan(ind),-nan(ind),-nan(ind),2.05855,1.47234,-nan(ind),-nan(ind),0,-1.32312,-1.2093,29.9464
0.390352,1,1,0,5,0,8.61053,-0.728858,-4.71565,0.00367951,30,-nan(ind),-nan(ind),-nan(ind),-888.88,-nan(ind),-nan(ind),-nan(ind),-nan(ind),2.05855,1.47235,-nan(ind),-nan(ind),0,-1.31836,-1.20281,29.9469
0.401081,1,1,0,5,0,8.60918,-0.72901,-4.71565,0.00367951,30,-nan(ind),-nan(ind),-nan(ind),-888.88,-nan(ind),-nan(ind),-nan(ind),-nan(ind),2.05852,1.47236,-nan(ind),-nan(ind),0,-1.32011,-1.20192,29.9468
0.412518,1,1,0,5,0,8.6087,-0.728984,-4.71565,0.00367951,30,-nan(ind),-nan(ind),-nan(ind),-888.88,-nan(ind),-nan(ind),-nan(ind),-nan(ind),2.05852,1.47236,-nan(ind),-nan(ind),0,-1.31615,-1.20413,29.9469
0.423539,1,1,0,5,0,8.60914,-0.729182,-4.71565,0.00367951,30,-nan(ind),-nan(ind),-nan(ind),-888.88,-nan(ind),-nan(ind),-nan(ind),-nan(ind),2.05851,1.47236,-nan(ind),-nan(ind),0,-1.3231,-1.20242,29.9467
0.43405,1,1,0,5,0,8.60987,-0.72916,-4.71565,0.00367951,30,-nan(ind),-nan(ind),-nan(ind),-888.88,-nan(ind),-nan(ind),-nan(ind),-nan(ind),2.05852,1.47236,-nan(ind),-nan(ind),0,-1.32154,-1.20461,29.9467
0.446109,1,1,0,5,0,8.6108,-0.729028,-4.71565,0.00367951,30,-nan(ind),-nan(ind),-nan(ind),-888.88,-nan(ind),-nan(ind),-nan(ind),-nan(ind),2.05853,1.47235,-nan(ind),-nan(ind),0,-1.31844,-1.20539,29.9468
0.458399,1,1,0,5,0,8.61097,-0.728667,-4.71565,0.00367951,30,-nan(ind),-nan(ind),-nan(ind),-888.88,-nan(ind),-nan(ind),-nan(ind),-nan(ind),2.05857,1.47234,-nan(ind),-nan(ind),0,-1.31731,-1.20066,29.947
0.469335,1,1,0,5,0,8.61011,-0.728742,-4.71565,0.00367951,30,-nan(ind),-nan(ind),-nan(ind),-888.88,-nan(ind),-nan(ind),-nan(ind),-nan(ind),2.05855,1.47234,-nan(ind),-nan(ind),0,-1.32372,-1.2018,29.9467
0.480069,1,1,0,5,0,8.6087,-0.728918,-4.71565,0.00367951,30,-nan(ind),-nan(ind),-nan(ind),-888.88,-nan(ind),-nan(ind),-nan(ind),-nan(ind),2.05853,1.47235,-nan(ind),-nan(ind),0,-1.31915,-1.20686,29.9467
0.491202,1,1,0,5,0,8.60971,-0.728979,-4.71565,0.00367951,30,-nan(ind),-nan(ind),-nan(ind),-888.88,-nan(ind),-nan(ind),-nan(ind),-nan(ind),2.05853,1.47235,-nan(ind),-nan(ind),0,-1.31448,-1.20416,29.947
0.501861,1,1,0,5,0,8.60982,-0.72897,-4.71565,0.00367951,30,-nan(ind),-nan(ind),-nan(ind),-888.88,-nan(ind),-nan(ind),-nan(ind),-nan(ind),2.05853,1.47235,-nan(ind),-nan(ind),0,-1.32054,-1.20462,29.9467
0.513346,1,1,0,5,0,8.60868,-0.728919,-4.71565,0.00367951,30,-nan(ind),-nan(ind),-nan(ind),-888.88,-nan(ind),-nan(ind),-nan(ind),-nan(ind),2.05853,1.47235,-nan(ind),-nan(ind),0,-1.31908,-1.20383,29.9468
0.52427,1,1,0,5,0,8.6081,-0.728779,-4.71565,0.00367951,30,-nan(ind),-nan(ind),-nan(ind),-888.88,-nan(ind),-nan(ind),-nan(ind),-nan(ind),2.05853,1.47235,-nan(ind),-nan(ind),0,-1.32641,-1.2057,29.9464
0.535084,1,1,0,5,0,8.60921,-0.728607,-4.71565,0.00367951,30,-nan(ind),-nan(ind),-nan(ind),-888.88,-nan(ind),-nan(ind),-nan(ind),-nan(ind),2.05856,1.47234,-nan(ind),-nan(ind),0,-1.32494,-1.20449,29.9465
0.546008,1,1,0,5,0,8.60966,-0.728612,-4.71565,0.00367951,30,-nan(ind),-nan(ind),-nan(ind),-888.88,-nan(ind),-nan(ind),-nan(ind),-nan(ind),2.05856,1.47234,-nan(ind),-nan(ind),0,-1.32209,-1.20709,29.9465
0.556624,1,1,0,5,0,8.60952,-0.728776,-4.71565,0.00367951,30,-nan(ind),-nan(ind),-nan(ind),-888.88,-nan(ind),-nan(ind),-nan(ind),-nan(ind),2.05855,1.47235,-nan(ind),-nan(ind),0,-1.32125,-1.20116,29.9468
0.568008,1,1,0,5,0,8.60919,-0.728873,-4.71565,0.00367951,30,-nan(ind),-nan(ind),-nan(ind),-888.88,-nan(ind),-nan(ind),-nan(ind),-nan(ind),2.05853,1.47235,-nan(ind),-nan(ind),0,-1.32178,-1.19886,29.9469
0.578798,1,1,0,5,0,8.60966,-0.728788,-4.71565,0.00367951,30,-nan(ind),-nan(ind),-nan(ind),-888.88,-nan(ind),-nan(ind),-nan(ind),-nan(ind),2.05855,1.47235,-nan(ind),-nan(ind),0,-1.32132,-1.21088,29.9464
0.590259,1,1,0,5,0,8.61034,-0.728571,-4.71565,0.00367951,30,-nan(ind),-nan(ind),-nan(ind),-888.88,-nan(ind),-nan(ind),-nan(ind),-nan(ind),2.05857,1.47234,-nan(ind),-nan(ind),0,-1.32098,-1.20753,29.9466
0.601406,1,1,0,5,0,8.61065,-0.728375,-4.71565,0.00367951,30,-nan(ind),-nan(ind),-nan(ind),-888.88,-nan(ind),-nan(ind),-nan(ind),-nan(ind),2.05859,1.47233,-nan(ind),-nan(ind),0,-1.32256,-1.19514,29.947
0.612643,1,1,0,5,0,8.61028,-0.728352,-4.71565,0.00367951,30,-nan(ind),-nan(ind),-nan(ind),-888.88,-nan(ind),-nan(ind),-nan(ind),-nan(ind),2.05859,1.47233,-nan(ind),-nan(ind),0,-1.32266,-1.20653,29.9465
0.623572,1,1,0,5,0,8.61083,-0.728325,-4.71565,0.00367951,30,-nan(ind),-nan(ind),-nan(ind),-888.88,-nan(ind),-nan(ind),-nan(ind),-nan(ind),2.05859,1.47232,-nan(ind),-nan(ind),0,-1.32322,-1.20383,29.9466
0.635666,1,1,0,5,0,8.61118,-0.728303,-4.71565,0.00367951,30,-nan(ind),-nan(ind),-nan(ind),-888.88,-nan(ind),-nan(ind),-nan(ind),-nan(ind),2.0586,1.47232,-nan(ind),-nan(ind),0,-1.32554,-1.19853,29.9467
0.646668,1,1,0,5,0,8.60949,-0.728356,-4.71565,0.00367951,30,-nan(ind),-nan(ind),-nan(ind),-888.88,-nan(ind),-nan(ind),-nan(ind),-nan(ind),2.05858,1.47233,-nan(ind),-nan(ind),0,-1.31982,-1.20305,29.9468
0.657336,1,1,0,5,0,8.60934,-0.728473,-4.71565,0.00367951,30,-nan(ind),-nan(ind),-nan(ind),-888.88,-nan(ind),-nan(ind),-nan(ind),-nan(ind),2.05857,1.47234,-nan(ind),-nan(ind),0,-1.32696,-1.20641,29.9463
0.668486,1,1,0,5,0,8.60966,-0.728473,-4.71565,0.00367951,30,-nan(ind),-nan(ind),-nan(ind),-888.88,-nan(ind),-nan(ind),-nan(ind),-nan(ind),2.05857,1.47233,-nan(ind),-nan(ind),0,-1.31818,-1.1997,29.947
0.679756,1,1,0,5,0,8.60934,-0.72865,-4.71565,0.00367951,30,-nan(ind),-nan(ind),-nan(ind),-888.88,-nan(ind),-nan(ind),-nan(ind),-nan(ind),2.05855,1.47234,-nan(ind),-nan(ind),0,-1.31972,-1.20171,29.9469
0.690698,1,1,0,5,0,8.60949,-0.728662,-4.71565,0.00367951,30,-nan(ind),-nan(ind),-nan(ind),-888.88,-nan(ind),-nan(ind),-nan(ind),-nan(ind),2.05855,1.47234,-nan(ind),-nan(ind),0,-1.32653,-1.20437,29.9464
0.701994,1,1,0,5,0,8.60984,-0.728554,-4.71565,0.00367951,30,-nan(ind),-nan(ind),-nan(ind),-888.88,-nan(ind),-nan(ind),-nan(ind),-nan(ind),2.05857,1.47234,-nan(ind),-nan(ind),0,-1.32296,-1.20272,29.9467
0.712425,1,1,0,5,0,8.60949,-0.728509,-4.71565,0.00367951,30,-nan(ind),-nan(ind),-nan(ind),-888.88,-nan(ind),-nan(ind),-nan(ind),-nan(ind),2.05857,1.47234,-nan(ind),-nan(ind),0,-1.31903,-1.20493,29.9468
0.724665,1,1,0,5,0,8.60888,-0.728597,-4.71565,0.00367951,30,-nan(ind),-nan(ind),-nan(ind),-888.88,-nan(ind),-nan(ind),-nan(ind),-nan(ind),2.05856,1.47234,-nan(ind),-nan(ind),0,-1.31925,-1.20591,29.9467
0.735261,1,1,0,5,0,8.60883,-0.728628,-4.71565,0.00367951,30,-nan(ind),-nan(ind),-nan(ind),-888.88,-nan(ind),-nan(ind),-nan(ind),-nan(ind),2.05855,1.47234,-nan(ind),-nan(ind),0,-1.3256,-1.20201,29.9466
0.746494,1,1,0,5,0,8.60828,-0.72864,-4.71565,0.00367951,30,-nan(ind),-nan(ind),-nan(ind),-888.88,-nan(ind),-nan(ind),-nan(ind),-nan(ind),2.05855,1.47235,-nan(ind),-nan(ind),0,-1.32149,-1.20428,29.9467
0.758373,1,1,0,5,0,8.60753,-0.728788,-4.71565,0.00367951,30,-nan(ind),-nan(ind),-nan(ind),-888.88,-nan(ind),-nan(ind),-nan(ind),-nan(ind),2.05853,1.47235,-nan(ind),-nan(ind),0,-1.32019,-1.20206,29.9468
0.770432,1,1,0,5,0,8.60973,-0.728606,-4.71565,0.00367951,30,-nan(ind),-nan(ind),-nan(ind),-888.88,-nan(ind),-nan(ind),-nan(ind),-nan(ind),2.05856,1.47234,-nan(ind),-nan(ind),0,-1.31998,-1.20186,29.9468
0.781151,1,1,0,5,0,8.61148,-0.728489,-4.71565,0.00367951,30,-nan(ind),-nan(ind),-nan(ind),-888.88,-nan(ind),-nan(ind),-nan(ind),-nan(ind),2.05858,1.47233,-nan(ind),-nan(ind),0,-1.32332,-1.20791,29.9464
0.792365,1,1,0,5,0,8.60964,-0.728473,-4.71565,0.00367951,30,-nan(ind),-nan(ind),-nan(ind),-888.88,-nan(ind),-nan(ind),-nan(ind),-nan(ind),2.05857,1.47233,-nan(ind),-nan(ind),0,-1.32354,-1.20021,29.9467
0.802991,1,1,0,5,0,8.60779,-0.728595,-4.71565,0.00367951,30,-nan(ind),-nan(ind),-nan(ind),-888.88,-nan(ind),-nan(ind),-nan(ind),-nan(ind),2.05855,1.47234,-nan(ind),-nan(ind),0,-1.32301,-1.20613,29.9465
0.815215,1,1,0,5,0,8.60713,-0.728652,-4.71565,0.00367951,30,-nan(ind),-nan(ind),-nan(ind),-888.88,-nan(ind),-nan(ind),-nan(ind),-nan(ind),2.05854,1.47235,-nan(ind),-nan(ind),0,-1.3205,-1.19913,29.9469
0.826214,1,1,0,5,0,8.6091,-0.728581,-4.71565,0.00367951,30,-nan(ind),-nan(ind),-nan(ind),-888.88,-nan(ind),-nan(ind),-nan(ind),-nan(ind),2.05856,1.47234,-nan(ind),-nan(ind),0,-1.32426,-1.20123,29.9467
0.837152,1,1,0,5,0,8.61075,-0.72832,-4.71565,0.00367951,30,-nan(ind),-nan(ind),-nan(ind),-888.88,-nan(ind),-nan(ind),-nan(ind),-nan(ind),2.05859,1.47233,-nan(ind),-nan(ind),0,-1.32281,-1.20381,29.9466
0.848168,1,1,0,5,0,8.61048,-0.728214,-4.71565,0.00367951,30,-nan(ind),-nan(ind),-nan(ind),-888.88,-nan(ind),-nan(ind),-nan(ind),-nan(ind),2.0586,1.47232,-nan(ind),-nan(ind),0,-1.31843,-1.20355,29.9468
0.859253,1,1,0,5,0,8.60799,-0.728471,-4.71565,0.00367951,30,-nan(ind),-nan(ind),-nan(ind),-888.88,-nan(ind),-nan(ind),-nan(ind),-nan(ind),2.05856,1.47234,-nan(ind),-nan(ind),0,-1.32548,-1.20962,29.9463
0.870095,1,1,0,5,0,8.60676,-0.72865,-4.71565,0.00367951,30,-nan(ind),-nan(ind),-nan(ind),-888.88,-nan(ind),-nan(ind),-nan(ind),-nan(ind),2.05854,1.47235,-nan(ind),-nan(ind),0,-1.32261,-1.20958,29.9464
0.882688,1,1,0,5,0,8.60796,-0.72861,-4.71565,0.00367951,30,-nan(ind),-nan(ind),-nan(ind),-888.88,-nan(ind),-nan(ind),-nan(ind),-nan(ind),2.05855,1.47234,-nan(ind),-nan(ind),0,-1.32541,-1.20221,29.9466
0.892951,1,1,0,5,0,8.6083,-0.728431,-4.71565,0.00367951,30,-nan(ind),-nan(ind),-nan(ind),-888.88,-nan(ind),-nan(ind),-nan(ind),-nan(ind),2.05857,1.47234,-nan(ind),-nan(ind),0,-1.32384,-1.20158,29.9467
0.904423,1,1,0,5,0,8.60861,-0.728346,-4.71565,0.00367951,30,-nan(ind),-nan(ind),-nan(ind),-888.88,-nan(ind),-nan(ind),-nan(ind),-nan(ind),2.05858,1.47233,-nan(ind),-nan(ind),0,-1.32477,-1.20669,29.9464
0.915167,1,1,0,5,0,8.60909,-0.728317,-4.71565,0.00367951,30,-nan(ind),-nan(ind),-nan(ind),-888.88,-nan(ind),-nan(ind),-nan(ind),-nan(ind),2.05858,1.47233,-nan(ind),-nan(ind),0,-1.32261,-1.20905,29.9464
0.926007,1,1,0,5,0,8.60921,-0.728419,-4.71565,0.00367951,30,-nan(ind),-nan(ind),-nan(ind),-888.88,-nan(ind),-nan(ind),-nan(ind),-nan(ind),2.05857,1.47233,-nan(ind),-nan(ind),0,-1.32244,-1.21741,29.9461
0.937475,1,1,0,5,0,8.60869,-0.728614,-4.71565,0.00367951,30,-nan(ind),-nan(ind),-nan(ind),-888.88,-nan(ind),-nan(ind),-nan(ind),-nan(ind),2.05855,1.47234,-nan(ind),-nan(ind),0,-1.32398,-1.20213,29.9467
0.94896,1,1,0,5,0,8.60985,-0.728675,-4.71565,0.00367951,30,-nan(ind),-nan(ind),-nan(ind),-888.88,-nan(ind),-nan(ind),-nan(ind),-nan(ind),2.05856,1.47234,-nan(ind),-nan(ind),0,-1.32293,-1.20202,29.9467
0.958732,1,1,0,5,0,8.6101,-0.728731,-4.71565,0.00367951,30,-nan(ind),-nan(ind),-nan(ind),-888.88,-nan(ind),-nan(ind),-nan(ind),-nan(ind),2.05855,1.47234,-nan(ind),-nan(ind),0,-1.3161,-1.20523,29.9469
0.96992,1,1,0,5,0,8.60973,-0.728808,-4.71565,0.00367951,30,-nan(ind),-nan(ind),-nan(ind),-888.88,-nan(ind),-nan(ind),-nan(ind),-nan(ind),2.05854,1.47235,-nan(ind),-nan(ind),0,-1.31789,-1.20568,29.9468
0.980883,1,1,0,5,0,8.60882,-0.728928,-4.71565,0.00367951,30,-nan(ind),-nan(ind),-nan(ind),-888.88,-nan(ind),-nan(ind),-nan(ind),-nan(ind),2.05853,1.47235,-nan(ind),-nan(ind),0,-1.3211,-1.20301,29.9467
0.992165,1,1,0,5,0,8.60962,-0.728907,-4.71565,0.00367951,30,-nan(ind),-nan(ind),-nan(ind),-888.88,-nan(ind),-nan(ind),-nan(ind),-nan(ind),2.05853,1.47235,-nan(ind),-nan(ind),0,-1.31678,-1.207,29.9468
1.00264,1,1,0,5,0,8.61063,-0.72896,-4.71565,0.00367951,30,-nan(ind),-nan(ind),-nan(ind),-888.88,-nan(ind),-nan(ind),-nan(ind),-nan(ind),2.05854,1.47235,-nan(ind),-nan(ind),0,-1.31999,-1.20325,29.9468
1.01385,1,1,0,5,0,8.60984,-0.728988,-4.71565,0.00367951,30,-nan(ind),-nan(ind),-nan(ind),-888.88,-nan(ind),-nan(ind),-nan(ind),-nan(ind),2.05853,1.47235,-nan(ind),-nan(ind),0,-1.32392,-1.20204,29.9467
1.02435,1,1,0,5,0,8.60934,-0.728932,-4.71565,0.00367951,30,-nan(ind),-nan(ind),-nan(ind),-888.88,-nan(ind),-nan(ind),-nan(ind),-nan(ind),2.05853,1.47235,-nan(ind),-nan(ind),0,-1.32316,-1.20976,29.9464
1.03629,1,1,0,5,0,8.60926,-0.728724,-4.71565,0.00367951,30,-nan(ind),-nan(ind),-nan(ind),-888.88,-nan(ind),-nan(ind),-nan(ind),-nan(ind),2.05855,1.47235,-nan(ind),-nan(ind),0,-1.32256,-1.2121,29.9463
1.04648,1,1,0,5,0,8.61002,-0.728622,-4.71565,0.00367951,30,-nan(ind),-nan(ind),-nan(ind),-888.88,-nan(ind),-nan(ind),-nan(ind),-nan(ind),2.05856,1.47234,-nan(ind),-nan(ind),0,-1.32324,-1.20783,29.9465
1.05825,1,1,0,5,0,8.61015,-0.728615,-4.71565,0.00367951,30,-nan(ind),-nan(ind),-nan(ind),-888.88,-nan(ind),-nan(ind),-nan(ind),-nan(ind),2.05856,1.47234,-nan(ind),-nan(ind),0,-1.32488,-1.20573,29.9465
1.06933,1,1,0,5,0,8.61132,-0.728575,-4.71565,0.00367951,30,-nan(ind),-nan(ind),-nan(ind),-888.88,-nan(ind),-nan(ind),-nan(ind),-nan(ind),2.05858,1.47233,-nan(ind),-nan(ind),0,-1.32408,-1.2028,29.9466
1.08086,1,1,0,5,0,8.61108,-0.72876,-4.71565,0.00367951,30,-nan(ind),-nan(ind),-nan(ind),-888.88,-nan(ind),-nan(ind),-nan(ind),-nan(ind),2.05856,1.47234,-nan(ind),-nan(ind),0,-1.32051,-1.20985,29.9465
1.0914,1,1,0,5,0,8.61008,-0.728944,-4.71565,0.00367951,30,-nan(ind),-nan(ind),-nan(ind),-888.88,-nan(ind),-nan(ind),-nan(ind),-nan(ind),2.05854,1.47235,-nan(ind),-nan(ind),0,-1.32162,-1.20653,29.9466
1.10238,1,1,0,5,0,8.61058,-0.728964,-4.71565,0.00367951,30,-nan(ind),-nan(ind),-nan(ind),-888.88,-nan(ind),-nan(ind),-nan(ind),-nan(ind),2.05854,1.47235,-nan(ind),-nan(ind),0,-1.32711,-1.20664,29.9463
1.11477,1,1,0,5,0,8.6105,-0.728993,-4.71565,0.00367951,30,-nan(ind),-nan(ind),-nan(ind),-888.88,-nan(ind),-nan(ind),-nan(ind),-nan(ind),2.05853,1.47235,-nan(ind),-nan(ind),0,-1.32187,-1.20951,29.9464
1.12524,1,1,0,5,0,8.61001,-0.729032,-4.71565,0.00367951,30,-nan(ind),-nan(ind),-nan(ind),-888.88,-nan(ind),-nan(ind),-nan(ind),-nan(ind),2.05853,1.47235,-nan(ind),-nan(ind),0,-1.32242,-1.20748,29.9465
1.1374,1,1,0,5,0,8.60947,-0.72909,-4.71565,0.00367951,30,-nan(ind),-nan(ind),-nan(ind),-888.88,-nan(ind),-nan(ind),-nan(ind),-nan(ind),2.05852,1.47236,-nan(ind),-nan(ind),0,-1.32345,-1.20817,29.9464
1.14859,1,1,0,5,0,8.61174,-0.728959,-4.71565,0.00367951,30,-nan(ind),-nan(ind),-nan(ind),-888.88,-nan(ind),-nan(ind),-nan(ind),-nan(ind),2.05855,1.47235,-nan(ind),-nan(ind),0,-1.31351,-1.20706,29.9469
1.15981,1,1,0,5,0,8.61279,-0.728904,-4.71565,0.00367951,30,-nan(ind),-nan(ind),-nan(ind),-888.88,-nan(ind),-nan(ind),-nan(ind),-nan(ind),2.05856,1.47234,-nan(ind),-nan(ind),0,-1.32483,-1.2144,29.9461
1.17014,1,1,0,5,0,8.61253,-0.728791,-4.71565,0.00367951,30,-nan(ind),-nan(ind),-nan(ind),-888.88,-nan(ind),-nan(ind),-nan(ind),-nan(ind),2.05857,1.47234,-nan(ind),-nan(ind),0,-1.31094,-1.20896,29.947
1.18172,1,1,0,5,0,8.61167,-0.728734,-4.71565,0.00367951,30,-nan(ind),-nan(ind),-nan(ind),-888.88,-nan(ind),-nan(ind),-nan(ind),-nan(ind),2.05856,1.47234,-nan(ind),-nan(ind),0,-1.31886,-1.20647,29.9467
1.19277,1,1,0,5,0,8.61149,-0.728732,-4.71565,0.00367951,30,-nan(ind),-nan(ind),-nan(ind),-888.88,-nan(ind),-nan(ind),-nan(ind),-nan(ind),2.05856,1.47234,-nan(ind),-nan(ind),0,-1.32039,-1.20955,29.9465
1.20335,1,1,0,5,0,8.61137,-0.728884,-4.71565,0.00367951,30,-nan(ind),-nan(ind),-nan(ind),-888.88,-nan(ind),-nan(ind),-nan(ind),-nan(ind),2.05855,1.47234,-nan(ind),-nan(ind),0,-1.32224,-1.21126,29.9464
1.21415,1,1,0,5,0,8.6111,-0.728912,-4.71565,0.00367951,30,-nan(ind),-nan(ind),-nan(ind),-888.88,-nan(ind),-nan(ind),-nan(ind),-nan(ind),2.05855,1.47235,-nan(ind),-nan(ind),0,-1.32213,-1.2082,29.9465
1.2249,1,1,0,5,0,8.61091,-0.728874,-4.71565,0.00367951,30,-nan(ind),-nan(ind),-nan(ind),-888.88,-nan(ind),-nan(ind),-nan(ind),-nan(ind),2.05855,1.47235,-nan(ind),-nan(ind),0,-1.31624,-1.21547,29.9465
1.23591,1,1,0,5,0,8.61097,-0.72899,-4.71565,0.00367951,30,-nan(ind),-nan(ind),-nan(ind),-888.88,-nan(ind),-nan(ind),-nan(ind),-nan(ind),2.05854,1.47235,-nan(ind),-nan(ind),0,-1.32073,-1.20818,29.9466
1.24731,1,1,0,5,0,8.6105,-0.729115,-4.71565,0.00367951,30,-nan(ind),-nan(ind),-nan(ind),-888.88,-nan(ind),-nan(ind),-nan(ind),-nan(ind),2.05852,1.47236,-nan(ind),-nan(ind),0,-1.32051,-1.20808,29.9466
1.25769,1,1,0,5,0,8.61088,-0.729153,-4.71565,0.00367951,30,-nan(ind),-nan(ind),-nan(ind),-888.88,-nan(ind),-nan(ind),-nan(ind),-nan(ind),2.05852,1.47236,-nan(ind),-nan(ind),0,-1.32213,-1.21598,29.9462
1.26992,1,1,0,5,0,8.61035,-0.72909,-4.71565,0.00367951,30,-nan(ind),-nan(ind),-nan(ind),-888.88,-nan(ind),-nan(ind),-nan(ind),-nan(ind),2.05852,1.47236,-nan(ind),-nan(ind),0,-1.31903,-1.21138,29.9465
1.28164,1,1,0,5,0,8.60923,-0.729135,-4.71565,0.00367951,30,-nan(ind),-nan(ind),-nan(ind),-888.88,-nan(ind),-nan(ind),-nan(ind),-nan(ind),2.05851,1.47236,-nan(ind),-nan(ind),0,-1.31178,-1.21286,29.9468
1.29288,1,1,0,5,0,8.60866,-0.729398,-4.71565,0.00367951,30,-nan(ind),-nan(ind),-nan(ind),-888.88,-nan(ind),-nan(ind),-nan(ind),-nan(ind),2.05849,1.47237,-nan(ind),-nan(ind),0,-1.32171,-1.21521,29.9462
1.30464,1,1,0,5,0,8.61101,-0.729451,-4.71565,0.00367951,30,-nan(ind),-nan(ind),-nan(ind),-888.88,-nan(ind),-nan(ind),-nan(ind),-nan(ind),2.0585,1.47237,-nan(ind),-nan(ind),0,-1.32189,-1.20989,29.9464
1.31585,1,1,0,5,0,8.61095,-0.729344,-4.71565,0.00367951,30,-nan(ind),-nan(ind),-nan(ind),-888.88,-nan(ind),-nan(ind),-nan(ind),-nan(ind),2.05851,1.47236,-nan(ind),-nan(ind),0,-1.31609,-1.2148,29.9465
1.32644,1,1,0,5,0,8.60923,-0.729158,-4.71565,0.00367951,30,-nan(ind),-nan(ind),-nan(ind),-888.88,-nan(ind),-nan(ind),-nan(ind),-nan(ind),2.05851,1.47236,-nan(ind),-nan(ind),0,-1.31594,-1.21338,29.9466
1.33783,1,1,0,5,0,8.60825,-0.729224,-4.71565,0.00367951,30,-nan(ind),-nan(ind),-nan(ind),-888.88,-nan(ind),-nan(ind),-nan(ind),-nan(ind),2.0585,1.47237,-nan(ind),-nan(ind),0,-1.31203,-1.21191,29.9468
1.34879,1,1,0,5,0,8.60895,-0.729291,-4.71565,0.00367951,30,-nan(ind),-nan(ind),-nan(ind),-888.88,-nan(ind),-nan(ind),-nan(ind),-nan(ind),2.0585,1.47237,-nan(ind),-nan(ind),0,-1.31344,-1.20995,29.9468
1.35987,1,1,0,5,0,8.60961,-0.729442,-4.71565,0.00367951,30,-nan(ind),-nan(ind),-nan(ind),-888.88,-nan(ind),-nan(ind),-nan(ind),-nan(ind),2.05849,1.47237,-nan(ind),-nan(ind),0,-1.31107,-1.20917,29.9469
1.37164,1,1,0,5,0,8.60972,-0.729338,-4.71565,0.00367951,30,-nan(ind),-nan(ind),-nan(ind),-888.88,-nan(ind),-nan(ind),-nan(ind),-nan(ind),2.0585,1.47237,-nan(ind),-nan(ind),0,-1.31535,-1.20867,29.9468
1.38349,1,1,0,5,0,8.60945,-0.729164,-4.71565,0.00367951,30,-nan(ind),-nan(ind),-nan(ind),-888.88,-nan(ind),-nan(ind),-nan(ind),-nan(ind),2.05851,1.47236,-nan(ind),-nan(ind),0,-1.32049,-1.21379,29.9463
1.39563,1,1,0,5,0,8.60993,-0.728913,-4.71565,0.00367951,30,-nan(ind),-nan(ind),-nan(ind),-888.88,-nan(ind),-nan(ind),-nan(ind),-nan(ind),2.05854,1.47235,-nan(ind),-nan(ind),0,-1.31725,-1.21325,29.9465
1.40744,1,1,0,5,0,8.60975,-0.729144,-4.71565,0.00367951,30,-nan(ind),-nan(ind),-nan(ind),-888.88,-nan(ind),-nan(ind),-nan(ind),-nan(ind),2.05852,1.47236,-nan(ind),-nan(ind),0,-1.31632,-1.214,29.9465
1.41933,1,1,0,5,0,8.60906,-0.729344,-4.71565,0.00367951,30,-nan(ind),-nan(ind),-nan(ind),-888.88,-nan(ind),-nan(ind),-nan(ind),-nan(ind),2.05849,1.47237,-nan(ind),-nan(ind),0,-1.31562,-1.21513,29.9465
1.4313,1,1,0,5,0,8.60887,-0.729326,-4.71565,0.00367951,30,-nan(ind),-nan(ind),-nan(ind),-888.88,-nan(ind),-nan(ind),-nan(ind),-nan(ind),2.05849,1.47237,-nan(ind),-nan(ind),0,-1.31989,-1.21048,29.9465
1.44244,1,1,0,5,0,8.60914,-0.729264,-4.71565,0.00367951,30,-nan(ind),-nan(ind),-nan(ind),-888.88,-nan(ind),-nan(ind),-nan(ind),-nan(ind),2.0585,1.47237,-nan(ind),-nan(ind),0,-1.32103,-1.21227,29.9464
1.45419,1,1,0,5,0,8.60997,-0.729114,-4.71565,0.00367951,30,-nan(ind),-nan(ind),-nan(ind),-888.88,-nan(ind),-nan(ind),-nan(ind),-nan(ind),2.05852,1.47236,-nan(ind),-nan(ind),0,-1.3131,-1.21614,29.9466
1.46526,1,1,0,5,0,8.60994,-0.729049,-4.71565,0.00367951,30,-nan(ind),-nan(ind),-nan(ind),-888.88,-nan(ind),-nan(ind),-nan(ind),-nan(ind),2.05853,1.47236,-nan(ind),-nan(ind),0,-1.31651,-1.21208,29.9466
1.47629,1,1,0,5,0,8.61008,-0.729118,-4.71565,0.00367951,30,-nan(ind),-nan(ind),-nan(ind),-888.88,-nan(ind),-nan(ind),-nan(ind),-nan(ind),2.05852,1.47236,-nan(ind),-nan(ind),0,-1.32027,-1.21088,29.9465
1.48712,1,1,0,5,0,8.60924,-0.729281,-4.71565,0.00367951,30,-nan(ind),-nan(ind),-nan(ind),-888.88,-nan(ind),-nan(ind),-nan(ind),-nan(ind),2.0585,1.47237,-nan(ind),-nan(ind),0,-1.3196,-1.21217,29.9464
1.49838,1,1,0,5,0,8.6091,-0.729311,-4.71565,0.00367951,30,-nan(ind),-nan(ind),-nan(ind),-888.88,-nan(ind),-nan(ind),-nan(ind),-nan(ind),2.0585,1.47237,-nan(ind),-nan(ind),0,-1.31734,-1.20978,29.9466
1.50917,1,1,0,5,0,8.60895,-0.729278,-4.71565,0.00367951,30,-nan(ind),-nan(ind),-nan(ind),-888.88,-nan(ind),-nan(ind),-nan(ind),-nan(ind),2.0585,1.47237,-nan(ind),-nan(ind),0,-1.32012,-1.21294,29.9464
1.52098,1,1,0,5,0,8.60965,-0.729115,-4.71565,0.00367951,30,-nan(ind),-nan(ind),-nan(ind),-888.88,-nan(ind),-nan(ind),-nan(ind),-nan(ind),2.05852,1.47236,-nan(ind),-nan(ind),0,-1.31615,-1.21021,29.9467
1.53239,1,1,0,5,0,8.60956,-0.729136,-4.71565,0.00367951,30,-nan(ind),-nan(ind),-nan(ind),-888.88,-nan(ind),-nan(ind),-nan(ind),-nan(ind),2.05852,1.47236,-nan(ind),-nan(ind),0,-1.31621,-1.21532,29.9465
1.54285,1,1,0,5,0,8.60873,-0.729276,-4.71565,0.00367951,30,-nan(ind),-nan(ind),-nan(ind),-888.88,-nan(ind),-nan(ind),-nan(ind),-nan(ind),2.0585,1.47237,-nan(ind),-nan(ind),0,-1.31651,-1.2158,29.9464
1.55508,1,1,0,5,0,8.60916,-0.729344,-4.71565,0.00367951,30,-nan(ind),-nan(ind),-nan(ind),-888.88,-nan(ind),-nan(ind),-nan(ind),-nan(ind),2.05849,1.47237,-nan(ind),-nan(ind),0,-1.31963,-1.21321,29.9464
1.56585,1,1,0,5,0,8.60995,-0.729325,-4.71565,0.00367951,30,-nan(ind),-nan(ind),-nan(ind),-888.88,-nan(ind),-nan(ind),-nan(ind),-nan(ind),2.0585,1.47237,-nan(ind),-nan(ind),0,-1.31415,-1.20932,29.9468
1.57805,1,1,0,5,0,8.60943,-0.729368,-4.71565,0.00367951,30,-nan(ind),-nan(ind),-nan(ind),-888.88,-nan(ind),-nan(ind),-nan(ind),-nan(ind),2.05849,1.47237,-nan(ind),-nan(ind),0,-1.3173,-1.20889,29.9467
1.58907,1,1,0,5,0,8.60904,-0.729312,-4.71565,0.00367951,30,-nan(ind),-nan(ind),-nan(ind),-888.88,-nan(ind),-nan(ind),-nan(ind),-nan(ind),2.0585,1.47237,-nan(ind),-nan(ind),0,-1.31797,-1.21546,29.9464
1.59969,1,1,0,5,0,8.60923,-0.729303,-4.71565,0.00367951,30,-nan(ind),-nan(ind),-nan(ind),-888.88,-nan(ind),-nan(ind),-nan(ind),-nan(ind),2.0585,1.47237,-nan(ind),-nan(ind),0,-1.31626,-1.2126,29.9466
1.61094,1,1,0,5,0,8.60909,-0.729241,-4.71565,0.00367951,30,-nan(ind),-nan(ind),-nan(ind),-888.88,-nan(ind),-nan(ind),-nan(ind),-nan(ind),2.0585,1.47237,-nan(ind),-nan(ind),0,-1.31687,-1.21263,29.9465
1.6219,1,1,0,5,0,8.60868,-0.729256,-4.71565,0.00367951,30,-nan(ind),-nan(ind),-nan(ind),-888.88,-nan(ind),-nan(ind),-nan(ind),-nan(ind),2.0585,1.47237,-nan(ind),-nan(ind),0,-1.31913,-1.21347,29.9464
1.63271,1,1,0,5,0,8.61025,-0.729092,-4.71565,0.00367951,30,-nan(ind),-nan(ind),-nan(ind),-888.88,-nan(ind),-nan(ind),-nan(ind),-nan(ind),2.05852,1.47236,-nan(ind),-nan(ind),0,-1.32009,-1.21376,29.9464
1.64478,1,1,0,5,0,8.61121,-0.729027,-4.71565,0.00367951,30,-nan(ind),-nan(ind),-nan(ind),-888.88,-nan(ind),-nan(ind),-nan(ind),-nan(ind),2.05854,1.47235,-nan(ind),-nan(ind),0,-1.31331,-1.21668,29.9465
1.65579,1,1,0,5,0,8.61107,-0.729075,-4.71565,0.00367951,30,-nan(ind),-nan(ind),-nan(ind),-888.88,-nan(ind),-nan(ind),-nan(ind),-nan(ind),2.05853,1.47235,-nan(ind),-nan(ind),0,-1.31974,-1.20892,29.9466
1.66775,1,1,0,5,0,8.61046,-0.729062,-4.71565,0.00367951,30,-nan(ind),-nan(ind),-nan(ind),-888.88,-nan(ind),-nan(ind),-nan(ind),-nan(ind),2.05853,1.47235,-nan(ind),-nan(ind),0,-1.31723,-1.2123,29.9465
1.67894,1,1,0,5,0,8.61101,-0.728879,-4.71565,0.00367951,30,-nan(ind),-nan(ind),-nan(ind),-888.88,-nan(ind),-nan(ind),-nan(ind),-nan(ind),2.05855,1.47235,-nan(ind),-nan(ind),0,-1.31923,-1.21295,29.9464
1.69069,1,1,0,5,0,8.61028,-0.72875,-4.71565,0.00367951,30,-nan(ind),-nan(ind),-nan(ind),-888.88,-nan(ind),-nan(ind),-nan(ind),-nan(ind),2.05855,1.47234,-nan(ind),-nan(ind),0,-1.32157,-1.21276,29.9463
1.70144,1,1,0,5,0,8.61027,-0.72888,-4.71565,0.00367951,30,-nan(ind),-nan(ind),-nan(ind),-888.88,-nan(ind),-nan(ind),-nan(ind),-nan(ind),2.05854,1.47235,-nan(ind),-nan(ind),0,-1.32366,-1.2135,29.9462
1.71257,1,1,0,5,0,8.61081,-0.729182,-4.71565,0.00367951,30,-nan(ind),-nan(ind),-nan(ind),-888.88,-nan(ind),-nan(ind),-nan(ind),-nan(ind),2.05852,1.47236,-nan(ind),-nan(ind),0,-1.31781,-1.21404,29.9464
1.72346,1,1,0,5,0,8.61058,-0.729341,-4.71565,0.00367951,30,-nan(ind),-nan(ind),-nan(ind),-888.88,-nan(ind),-nan(ind),-nan(ind),-nan(ind),2.05851,1.47236,-nan(ind),-nan(ind),0,-1.31958,-1.2112,29.9465
1.7347,1,1,0,5,0,8.61069,-0.729246,-4.71565,0.00367951,30,-nan(ind),-nan(ind),-nan(ind),-888.88,-nan(ind),-nan(ind),-nan(ind),-nan(ind),2.05851,1.47236,-nan(ind),-nan(ind),0,-1.31984,-1.21397,29.9464
1.74558,1,1,0,5,0,8.61041,-0.728996,-4.71565,0.00367951,30,-nan(ind),-nan(ind),-nan(ind),-888.88,-nan(ind),-nan(ind),-nan(ind),-nan(ind),2.05853,1.47235,-nan(ind),-nan(ind),0,-1.32577,-1.21692,29.946
1.75665,1,1,0,5,0,8.60987,-0.728838,-4.71565,0.00367951,30,-nan(ind),-nan(ind),-nan(ind),-888.88,-nan(ind),-nan(ind),-nan(ind),-nan(ind),2.05854,1.47235,-nan(ind),-nan(ind),0,-1.32024,-1.21466,29.9463
1.76864,1,1,0,5,0,8.60909,-0.729009,-4.71565,0.00367951,30,-nan(ind),-nan(ind),-nan(ind),-888.88,-nan(ind),-nan(ind),-nan(ind),-nan(ind),2.05852,1.47236,-nan(ind),-nan(ind),0,-1.3203,-1.21112,29.9465
1.7799,1,1,0,5,0,8.61061,-0.729025,-4.71565,0.00367951,30,-nan(ind),-nan(ind),-nan(ind),-888.88,-nan(ind),-nan(ind),-nan(ind),-nan(ind),2.05853,1.47235,-nan(ind),-nan(ind),0,-1.31382,-1.21353,29.9466
1.79062,1,1,0,5,0,8.6119,-0.729101,-4.71565,0.00367951,30,-nan(ind),-nan(ind),-nan(ind),-888.88,-nan(ind),-nan(ind),-nan(ind),-nan(ind),2.05853,1.47235,-nan(ind),-nan(ind),0,-1.3219,-1.21426,29.9463
1.80171,1,1,0,5,0,8.61173,-0.728933,-4.71565,0.00367951,30,-nan(ind),-nan(ind),-nan(ind),-888.88,-nan(ind),-nan(ind),-nan(ind),-nan(ind),2.05855,1.47235,-nan(ind),-nan(ind),0,-1.31759,-1.20892,29.9467
1.81253,1,1,0,5,0,8.61007,-0.729028,-4.71565,0.00367951,30,-nan(ind),-nan(ind),-nan(ind),-888.88,-nan(ind),-nan(ind),-nan(ind),-nan(ind),2.05853,1.47235,-nan(ind),-nan(ind),0,-1.31514,-1.21711,29.9464
1.82334,1,1,0,5,0,8.60946,-0.728999,-4.71565,0.00367951,30,-nan(ind),-nan(ind),-nan(ind),-888.88,-nan(ind),-nan(ind),-nan(ind),-nan(ind),2.05853,1.47235,-nan(ind),-nan(ind),0,-1.3219,-1.21063,29.9464
1.83561,1,1,0,5,0,8.6113,-0.728958,-4.71565,0.00367951,30,-nan(ind),-nan(ind),-nan(ind),-888.88,-nan(ind),-nan(ind),-nan(ind),-nan(ind),2.05854,1.47235,-nan(ind),-nan(ind),0,-1.31801,-1.20643,29.9467
1.84695,1,1,0,5,0,8.61097,-0.728888,-4.71565,0.00367951,30,-nan(ind),-nan(ind),-nan(ind),-888.88,-nan(ind),-nan(ind),-nan(ind),-nan(ind),2.05855,1.47235,-nan(ind),-nan(ind),0,-1.31679,-1.21159,29.9466
1.85786,1,1,0,5,0,8.60978,-0.728863,-4.71565,0.00367951,30,-nan(ind),-nan(ind),-nan(ind),-888.88,-nan(ind),-nan(ind),-nan(ind),-nan(ind),2.05854,1.47235,-nan(ind),-nan(ind),0,-1.3213,-1.21333,29.9463
1.86832,1,1,0,5,0,8.60976,-0.728841,-4.71565,0.00367951,30,-nan(ind),-nan(ind),-nan(ind),-888.88,-nan(ind),-nan(ind),-nan(ind),-nan(ind),2.05854,1.47235,-nan(ind),-nan(ind),0,-1.31753,-1.21758,29.9463
1.8808,1,1,0,5,0,8.61037,-0.728786,-4.71565,0.00367951,30,-nan(ind),-nan(ind),-nan(ind),-888.88,-nan(ind),-nan(ind),-nan(ind),-nan(ind),2.05855,1.47234,-nan(ind),-nan(ind),0,-1.32066,-1.20995,29.9465
1.89138,1,1,0,5,0,8.60994,-0.728807,-4.71565,0.00367951,30,-nan(ind),-nan(ind),-nan(ind),-888.88,-nan(ind),-nan(ind),-nan(ind),-nan(ind),2.05855,1.47235,-nan(ind),-nan(ind),0,-1.32454,-1.21289,29.9462
1.90239,1,1,0,5,0,8.6095,-0.728782,-4.71565,0.00367951,30,-nan(ind),-nan(ind),-nan(ind),-888.88,-nan(ind),-nan(ind),-nan(ind),-nan(ind),2.05854,1.47235,-nan(ind),-nan(ind),0,-1.32071,-1.21247,29.9464
1.91437,1,1,0,5,0,8.61084,-0.728599,-4.71565,0.00367951,30,-nan(ind),-nan(ind),-nan(ind),-888.88,-nan(ind),-nan(ind),-nan(ind),-nan(ind),2.05857,1.47234,-nan(ind),-nan(ind),0,-1.32036,-1.20851,29.9466
1.9253,1,1,0,5,0,8.61183,-0.728559,-4.71565,0.00367951,30,-nan(ind),-nan(ind),-nan(ind),-888.88,-nan(ind),-nan(ind),-nan(ind),-nan(ind),2.05858,1.47233,-nan(ind),-nan(ind),0,-1.32207,-1.21346,29.9463
1.93748,1,1,0,5,0,8.6114,-0.728598,-4.71565,0.00367951,30,-nan(ind),-nan(ind),-nan(ind),-888.88,-nan(ind),-nan(ind),-nan(ind),-nan(ind),2.05857,1.47233,-nan(ind),-nan(ind),0,-1.31705,-1.2105,29.9466
1.94807,1,1,0,5,0,8.61125,-0.728574,-4.71565,0.00367951,30,-nan(ind),-nan(ind),-nan(ind),-888.88,-nan(ind),-nan(ind),-nan(ind),-nan(ind),2.05858,1.47233,-nan(ind),-nan(ind),0,-1.31881,-1.20966,29.9466
1.96024,1,1,0,5,0,8.61077,-0.728469,-4.71565,0.00367951,30,-nan(ind),-nan(ind),-nan(ind),-888.88,-nan(ind),-nan(ind),-nan(ind),-nan(ind),2.05858,1.47233,-nan(ind),-nan(ind),0,-1.31873,-1.21366,29.9464
1.97133,1,1,0,5,0,8.61036,-0.728637,-4.71565,0.00367951,30,-nan(ind),-nan(ind),-nan(ind),-888.88,-nan(ind),-nan(ind),-nan(ind),-nan(ind),2.05856,1.47234,-nan(ind),-nan(ind),0,-1.3159,-1.21553,29.9465
1.98225,1,1,0,5,0,8.6114,-0.728928,-4.71565,0.00367951,30,-nan(ind),-nan(ind),-nan(ind),-888.88,-nan(ind),-nan(ind),-nan(ind),-nan(ind),2.05855,1.47235,-nan(ind),-nan(ind),0,-1.31994,-1.20982,29.9465
1.99308,1,1,0,5,0,8.61251,-0.728998,-4.71565,0.00367951,30,-nan(ind),-nan(ind),-nan(ind),-888.88,-nan(ind),-nan(ind),-nan(ind),-nan(ind),2.05855,1.47235,-nan(ind),-nan(ind),0,-1.32111,-1.21495,29.9463
2.00492,1,1,0,5,0,8.61263,-0.72894,-4.71565,0.00367951,30,-nan(ind),-nan(ind),-nan(ind),-888.88,-nan(ind),-nan(ind),-nan(ind),-nan(ind),2.05855,1.47234,-nan(ind),-nan(ind),0,-1.3244,-1.21415,29.9461
2.01604,1,1,0,5,0,8.61187,-0.728814,-4.71565,0.00367951,30,-nan(ind),-nan(ind),-nan(ind),-888.88,-nan(ind),-nan(ind),-nan(ind),-nan(ind),2.05856,1.47234,-nan(ind),-nan(ind),0,-1.3156,-1.21506,29.9465
2.028,1,1,0,5,0,8.61013,-0.7288,-4.71565,0.00367951,30,-nan(ind),-nan(ind),-nan(ind),-888.88,-nan(ind),-nan(ind),-nan(ind),-nan(ind),2.05855,1.47235,-nan(ind),-nan(ind),0,-1.31832,-1.21221,29.9465
2.04004,1,1,0,5,0,8.60923,-0.7287,-4.71565,0.00367951,30,-nan(ind),-nan(ind),-nan(ind),-888.88,-nan(ind),-nan(ind),-nan(ind),-nan(ind),2.05855,1.47234,-nan(ind),-nan(ind),0,-1.32363,-1.21765,29.946
2.05092,1,1,0,5,0,8.60967,-0.728649,-4.71565,0.00367951,30,-nan(ind),-nan(ind),-nan(ind),-888.88,-nan(ind),-nan(ind),-nan(ind),-nan(ind),2.05856,1.47234,-nan(ind),-nan(ind),0,-1.32351,-1.21089,29.9463
2.06211,1,1,0,5,0,8.60997,-0.728587,-4.71565,0.00367951,30,-nan(ind),-nan(ind),-nan(ind),-888.88,-nan(ind),-nan(ind),-nan(ind),-nan(ind),2.05856,1.47234,-nan(ind),-nan(ind),0,-1.31737,-1.20962,29.9466
2.07309,1,1,0,5,0,8.6103,-0.728462,-4.71565,0.00367951,30,-nan(ind),-nan(ind),-nan(ind),-888.88,-nan(ind),-nan(ind),-nan(ind),-nan(ind),2.05858,1.47233,-nan(ind),-nan(ind),0,-1.31749,-1.2086,29.9467
2.08429,1,1,0,5,0,8.6108,-0.728447,-4.71565,0.00367951,30,-nan(ind),-nan(ind),-nan(ind),-888.88,-nan(ind),-nan(ind),-nan(ind),-nan(ind),2.05858,1.47233,-nan(ind),-nan(ind),0,-1.3218,-1.20953,29.9465
2.09504,1,1,0,5,0,8.61072,-0.728588,-4.71565,0.00367951,30,-nan(ind),-nan(ind),-nan(ind),-888.88,-nan(ind),-nan(ind),-nan(ind),-nan(ind),2.05857,1.47234,-nan(ind),-nan(ind),0,-1.32094,-1.21738,29.9462
2.10574,1,1,0,5,0,8.60985,-0.728695,-4.71565,0.00367951,30,-nan(ind),-nan(ind),-nan(ind),-888.88,-nan(ind),-nan(ind),-nan(ind),-nan(ind),2.05855,1.47234,-nan(ind),-nan(ind),0,-1.32048,-1.20541,29.9467
2.11687,1,1,0,5,0,8.60944,-0.728579,-4.71565,0.00367951,30,-nan(ind),-nan(ind),-nan(ind),-888.88,-nan(ind),-nan(ind),-nan(ind),-nan(ind),2.05856,1.47234,-nan(ind),-nan(ind),0,-1.31678,-1.20374,29.9469
2.12858,1,1,0,5,0,8.60923,-0.728586,-4.71565,0.00367951,30,-nan(ind),-nan(ind),-nan(ind),-888.88,-nan(ind),-nan(ind),-nan(ind),-nan(ind),2.05856,1.47234,-nan(ind),-nan(ind),0,-1.31617,-1.20916,29.9467
2.1407,1,1,0,5,0,8.6096,-0.728496,-4.71565,0.00367951,30,-nan(ind),-nan(ind),-nan(ind),-888.88,-nan(ind),-nan(ind),-nan(ind),-nan(ind),2.05857,1.47234,-nan(ind),-nan(ind),0,-1.32178,-1.21647,29.9462
2.15186,1,1,0,5,0,8.61051,-0.728441,-4.71565,0.00367951,30,-nan(ind),-nan(ind),-nan(ind),-888.88,-nan(ind),-nan(ind),-nan(ind),-nan(ind),2.05858,1.47233,-nan(ind),-nan(ind),0,-1.3212,-1.21103,29.9464
2.16273,1,1,0,5,0,8.61148,-0.728305,-4.71565,0.00367951,30,-nan(ind),-nan(ind),-nan(ind),-888.88,-nan(ind),-nan(ind),-nan(ind),-nan(ind),2.0586,1.47232,-nan(ind),-nan(ind),0,-1.32346,-1.21585,29.9461
2.17383,1,1,0,5,0,8.61072,-0.728195,-4.71565,0.00367951,30,-nan(ind),-nan(ind),-nan(ind),-888.88,-nan(ind),-nan(ind),-nan(ind),-nan(ind),2.0586,1.47232,-nan(ind),-nan(ind),0,-1.32163,-1.21239,29.9463
2.18459,1,1,0,5,0,8.61115,-0.727981,-4.71565,0.00367951,30,-nan(ind),-nan(ind),-nan(ind),-888.88,-nan(ind),-nan(ind),-nan(ind),-nan(ind),2.05862,1.47231,-nan(ind),-nan(ind),0,-1.32388,-1.20856,29.9464
2.19546,1,1,0,5,0,8.61079,-0.727853,-4.71565,0.00367951,30,-nan(ind),-nan(ind),-nan(ind),-888.88,-nan(ind),-nan(ind),-nan(ind),-nan(ind),2.05863,1.47231,-nan(ind),-nan(ind),0,-1.32369,-1.21172,29.9463
2.20673,1,1,0,5,0,8.60956,-0.728184,-4.71565,0.00367951,30,-nan(ind),-nan(ind),-nan(ind),-888.88,-nan(ind),-nan(ind),-nan(ind),-nan(ind),2.0586,1.47232,-nan(ind),-nan(ind),0,-1.31878,-1.21345,29.9464
2.21753,1,1,0,5,0,8.60965,-0.728696,-4.71565,0.00367951,30,-nan(ind),-nan(ind),-nan(ind),-888.88,-nan(ind),-nan(ind),-nan(ind),-nan(ind),2.05855,1.47234,-nan(ind),-nan(ind),0,-1.31874,-1.20596,29.9467
2.22887,1,1,0,5,0,8.60995,-0.72902,-4.71565,0.00367951,30,-nan(ind),-nan(ind),-nan(ind),-888.88,-nan(ind),-nan(ind),-nan(ind),-nan(ind),2.05853,1.47235,-nan(ind),-nan(ind),0,-1.32373,-1.21461,29.9462
2.23974,1,1,0,5,0,8.61025,-0.728716,-4.71565,0.00367951,30,-nan(ind),-nan(ind),-nan(ind),-888.88,-nan(ind),-nan(ind),-nan(ind),-nan(ind),2.05856,1.47234,-nan(ind),-nan(ind),0,-1.32525,-1.21221,29.9462
2.2505,1,1,0,5,0,8.61074,-0.728296,-4.71565,0.00367951,30,-nan(ind),-nan(ind),-nan(ind),-888.88,-nan(ind),-nan(ind),-nan(ind),-nan(ind),2.0586,1.47232,-nan(ind),-nan(ind),0,-1.32142,-1.2075,29.9465
2.26125,1,1,0,5,0,8.61142,-0.728113,-4.71565,0.00367951,30,-nan(ind),-nan(ind),-nan(ind),-888.88,-nan(ind),-nan(ind),-nan(ind),-nan(ind),2.05862,1.47231,-nan(ind),-nan(ind),0,-1.31657,-1.20898,29.9467
2.27371,1,1,0,5,0,8.61047,-0.728426,-4.71565,0.00367951,30,-nan(ind),-nan(ind),-nan(ind),-888.88,-nan(ind),-nan(ind),-nan(ind),-nan(ind),2.05858,1.47233,-nan(ind),-nan(ind),0,-1.324,-1.20855,29.9464
2.28442,1,1,0,5,0,8.60871,-0.728608,-4.71565,0.00367951,30,-nan(ind),-nan(ind),-nan(ind),-888.88,-nan(ind),-nan(ind),-nan(ind),-nan(ind),2.05855,1.47234,-nan(ind),-nan(ind),0,-1.31603,-1.20902,29.9467
2.29524,1,1,0,5,0,8.60862,-0.728748,-4.71565,0.00367951,30,-nan(ind),-nan(ind),-nan(ind),-888.88,-nan(ind),-nan(ind),-nan(ind),-nan(ind),2.05854,1.47235,-nan(ind),-nan(ind),0,-1.32473,-1.21328,29.9462
2.30737,1,1,0,5,0,8.61048,-0.728576,-4.71565,0.00367951,30,-nan(ind),-nan(ind),-nan(ind),-888.88,-nan(ind),-nan(ind),-nan(ind),-nan(ind),2.05857,1.47234,-nan(ind),-nan(ind),0,-1.32447,-1.20712,29.9464
2.31818,1,1,0,5,0,8.61184,-0.728354,-4.71565,0.00367951,30,-nan(ind),-nan(ind),-nan(ind),-888.88,-nan(ind),-nan(ind),-nan(ind),-nan(ind),2.0586,1.47232,-nan(ind),-nan(ind),0,-1.32927,-1.20672,29.9462
2.32917,1,1,0,5,0,8.61093,-0.728121,-4.71565,0.00367951,30,-nan(ind),-nan(ind),-nan(ind),-888.88,-nan(ind),-nan(ind),-nan(ind),-nan(ind),2.05861,1.47232,-nan(ind),-nan(ind),0,-1.32572,-1.21135,29.9462
2.34094,1,1,0,5,0,8.61044,-0.727955,-4.71565,0.00367951,30,-nan(ind),-nan(ind),-nan(ind),-888.88,-nan(ind),-nan(ind),-nan(ind),-nan(ind),2.05862,1.47231,-nan(ind),-nan(ind),0,-1.32313,-1.21138,29.9463
2.35301,1,1,0,5,0,8.61075,-0.727944,-4.71565,0.00367951,30,-nan(ind),-nan(ind),-nan(ind),-888.88,-nan(ind),-nan(ind),-nan(ind),-nan(ind),2.05863,1.47231,-nan(ind),-nan(ind),0,-1.32258,-1.20987,29.9464
2.36477,1,1,0,5,0,8.60994,-0.72813,-4.71565,0.00367951,30,-nan(ind),-nan(ind),-nan(ind),-888.88,-nan(ind),-nan(ind),-nan(ind),-nan(ind),2.0586,1.47232,-nan(ind),-nan(ind),0,-1.3237,-1.22025,29.9459
2.37626,1,1,0,5,0,8.60761,-0.728373,-4.71565,0.00367951,30,-nan(ind),-nan(ind),-nan(ind),-888.88,-nan(ind),-nan(ind),-nan(ind),-nan(ind),2.05857,1.47234,-nan(ind),-nan(ind),0,-1.31891,-1.21448,29.9464
2.38661,1,1,0,5,0,8.60798,-0.728415,-4.71565,0.00367951,30,-nan(ind),-nan(ind),-nan(ind),-888.88,-nan(ind),-nan(ind),-nan(ind),-nan(ind),2.05857,1.47234,-nan(ind),-nan(ind),0,-1.32637,-1.20777,29.9463
2.39804,1,1,0,5,0,8.60951,-0.728153,-4.71565,0.00367951,30,-nan(ind),-nan(ind),-nan(ind),-888.88,-nan(ind),-nan(ind),-nan(ind),-nan(ind),2.0586,1.47232,-nan(ind),-nan(ind),0,-1.32291,-1.20722,29.9465
2.40887,1,1,0,5,0,8.61031,-0.727961,-4.71565,0.00367951,30,-nan(ind),-nan(ind),-nan(ind),-888.88,-nan(ind),-nan(ind),-nan(ind),-nan(ind),2.05862,1.47231,-nan(ind),-nan(ind),0,-1.32852,-1.21104,29.9461
2.41984,1,1,0,5,0,8.61043,-0.728011,-4.71565,0.00367951,30,-nan(ind),-nan(ind),-nan(ind),-888.88,-nan(ind),-nan(ind),-nan(ind),-nan(ind),2.05862,1.47231,-nan(ind),-nan(ind),0,-1.32575,-1.21277,29.9461
2.43074,1,1,0,5,0,8.6095,-0.728293,-4.71565,0.00367951,30,-nan(ind),-nan(ind),-nan(ind),-888.88,-nan(ind),-nan(ind),-nan(ind),-nan(ind),2.05859,1.47233,-nan(ind),-nan(ind),0,-1.32145,-1.20466,29.9467
2.44152,1,1,0,5,0,8.60864,-0.728505,-4.71565,0.00367951,30,-nan(ind),-nan(ind),-nan(ind),-888.88,-nan(ind),-nan(ind),-nan(ind),-nan(ind),2.05856,1.47234,-nan(ind),-nan(ind),0,-1.33175,-1.21646,29.9457
2.45297,1,1,0,5,0,8.60816,-0.728499,-4.71565,0.00367951,30,-nan(ind),-nan(ind),-nan(ind),-888.88,-nan(ind),-nan(ind),-nan(ind),-nan(ind),2.05856,1.47234,-nan(ind),-nan(ind),0,-1.32861,-1.20557,29.9463
2.4639,1,1,0,5,0,8.60966,-0.728339,-4.71565,0.00367951,30,-nan(ind),-nan(ind),-nan(ind),-888.88,-nan(ind),-nan(ind),-nan(ind),-nan(ind),2.05858,1.47233,-nan(ind),-nan(ind),0,-1.3236,-1.21445,29.9462
2.47475,1,1,0,5,0,8.61033,-0.728131,-4.71565,0.00367951,30,-nan(ind),-nan(ind),-nan(ind),-888.88,-nan(ind),-nan(ind),-nan(ind),-nan(ind),2.05861,1.47232,-nan(ind),-nan(ind),0,-1.3296,-1.20912,29.9461
2.48576,1,1,0,5,0,8.611,-0.727859,-4.71565,0.00367951,30,-nan(ind),-nan(ind),-nan(ind),-888.88,-nan(ind),-nan(ind),-nan(ind),-nan(ind),2.05863,1.47231,-nan(ind),-nan(ind),0,-1.31742,-1.21038,29.9466
2.49771,1,1,0,5,0,8.61091,-0.727736,-4.71565,0.00367951,30,-nan(ind),-nan(ind),-nan(ind),-888.88,-nan(ind),-nan(ind),-nan(ind),-nan(ind),2.05864,1.4723,-nan(ind),-nan(ind),0,-1.31987,-1.20996,29.9465
2.50984,1,1,0,5,0,8.61018,-0.728014,-4.71565,0.00367951,30,-nan(ind),-nan(ind),-nan(ind),-888.88,-nan(ind),-nan(ind),-nan(ind),-nan(ind),2.05862,1.47232,-nan(ind),-nan(ind),0,-1.32046,-1.21408,29.9463
2.52082,1,1,0,5,0,8.60942,-0.728252,-4.71565,0.00367951,30,-nan(ind),-nan(ind),-nan(ind),-888.88,-nan(ind),-nan(ind),-nan(ind),-nan(ind),2.05859,1.47233,-nan(ind),-nan(ind),0,-1.32898,-1.2156,29.9459
2.53224,1,1,0,5,0,8.61057,-0.72798,-4.71565,0.00367951,30,-nan(ind),-nan(ind),-nan(ind),-888.88,-nan(ind),-nan(ind),-nan(ind),-nan(ind),2.05862,1.47231,-nan(ind),-nan(ind),0,-1.32459,-1.20808,29.9464
2.54256,1,1,0,5,0,8.61008,-0.727759,-4.71565,0.00367951,30,-nan(ind),-nan(ind),-nan(ind),-888.88,-nan(ind),-nan(ind),-nan(ind),-nan(ind),2.05864,1.47231,-nan(ind),-nan(ind),0,-1.32463,-1.20978,29.9463
2.55357,1,1,0,5,0,8.60848,-0.727716,-4.71565,0.00367951,30,-nan(ind),-nan(ind),-nan(ind),-888.88,-nan(ind),-nan(ind),-nan(ind),-nan(ind),2.05863,1.47231,-nan(ind),-nan(ind),0,-1.32489,-1.20901,29.9463
2.56445,1,1,0,5,0,8.60805,-0.727924,-4.71565,0.00367951,30,-nan(ind),-nan(ind),-nan(ind),-888.88,-nan(ind),-nan(ind),-nan(ind),-nan(ind),2.05861,1.47232,-nan(ind),-nan(ind),0,-1.31649,-1.2132,29.9465
2.57581,1,1,0,5,0,8.6086,-0.728116,-4.71565,0.00367951,30,-nan(ind),-nan(ind),-nan(ind),-888.88,-nan(ind),-nan(ind),-nan(ind),-nan(ind),2.0586,1.47232,-nan(ind),-nan(ind),0,-1.32189,-1.21351,29.9463
2.58644,1,1,0,5,0,8.60954,-0.728199,-4.71565,0.00367951,30,-nan(ind),-nan(ind),-nan(ind),-888.88,-nan(ind),-nan(ind),-nan(ind),-nan(ind),2.05859,1.47232,-nan(ind),-nan(ind),0,-1.32593,-1.2093,29.9463
2.5975,1,1,0,5,0,8.6096,-0.728028,-4.71565,0.00367951,30,-nan(ind),-nan(ind),-nan(ind),-888.88,-nan(ind),-nan(ind),-nan(ind),-nan(ind),2.05861,1.47232,-nan(ind),-nan(ind),0,-1.32898,-1.21062,29.9461
2.60929,1,1,0,5,0,8.60926,-0.727831,-4.71565,0.00367951,30,-nan(ind),-nan(ind),-nan(ind),-888.88,-nan(ind),-nan(ind),-nan(ind),-nan(ind),2.05862,1.47231,-nan(ind),-nan(ind),0,-1.33351,-1.20563,29.9461
2.62035,1,1,0,5,0,8.60979,-0.727616,-4.71565,0.00367951,30,-nan(ind),-nan(ind),-nan(ind),-888.88,-nan(ind),-nan(ind),-nan(ind),-nan(ind),2.05865,1.4723,-nan(ind),-nan(ind),0,-1.33128,-1.20954,29.946
2.63224,1,1,0,5,0,8.61041,-0.727461,-4.71565,0.00367951,30,-nan(ind),-nan(ind),-nan(ind),-888.88,-nan(ind),-nan(ind),-nan(ind),-nan(ind),2.05866,1.47229,-nan(ind),-nan(ind),0,-1.3257,-1.20624,29.9464
2.64391,1,1,0,5,0,8.6104,-0.727536,-4.71565,0.00367951,30,-nan(ind),-nan(ind),-nan(ind),-888.88,-nan(ind),-nan(ind),-nan(ind),-nan(ind),2.05866,1.4723,-nan(ind),-nan(ind),0,-1.31898,-1.21019,29.9465
2.65438,1,1,0,5,0,8.61006,-0.727736,-4.71565,0.00367951,30,-nan(ind),-nan(ind),-nan(ind),-888.88,-nan(ind),-nan(ind),-nan(ind),-nan(ind),2.05864,1.47231,-nan(ind),-nan(ind),0,-1.32648,-1.21512,29.946
2.66589,1,1,0,5,0,8.61052,-0.727931,-4.71565,0.00367951,30,-nan(ind),-nan(ind),-nan(ind),-888.88,-nan(ind),-nan(ind),-nan(ind),-nan(ind),2.05862,1.47231,-nan(ind),-nan(ind),0,-1.31921,-1.21547,29.9463
2.67626,1,1,0,5,0,8.60976,-0.7281,-4.71565,0.00367951,30,-nan(ind),-nan(ind),-nan(ind),-888.88,-nan(ind),-nan(ind),-nan(ind),-nan(ind),2.0586,1.47232,-nan(ind),-nan(ind),0,-1.32469,-1.21053,29.9463
2.68814,1,1,0,5,0,8.60873,-0.728128,-4.71565,0.00367951,30,-nan(ind),-nan(ind),-nan(ind),-888.88,-nan(ind),-nan(ind),-nan(ind),-nan(ind),2.05859,1.47232,-nan(ind),-nan(ind),0,-1.32041,-1.20883,29.9465
2.7003,1,1,0,5,0,8.60997,-0.727962,-4.71565,0.00367951,30,-nan(ind),-nan(ind),-nan(ind),-888.88,-nan(ind),-nan(ind),-nan(ind),-nan(ind),2.05862,1.47231,-nan(ind),-nan(ind),0,-1.32056,-1.20972,29.9465
2.7114,1,1,0,5,0,8.61054,-0.727801,-4.71565,0.00367951,30,-nan(ind),-nan(ind),-nan(ind),-888.88,-nan(ind),-nan(ind),-nan(ind),-nan(ind),2.05864,1.47231,-nan(ind),-nan(ind),0,-1.32063,-1.2155,29.9463
2.72225,1,1,0,5,0,8.6092,-0.727886,-4.71565,0.00367951,30,-nan(ind),-nan(ind),-nan(ind),-888.88,-nan(ind),-nan(ind),-nan(ind),-nan(ind),2.05862,1.47231,-nan(ind),-nan(ind),0,-1.32788,-1.20677,29.9463
2.73296,1,1,0,5,0,8.60941,-0.727996,-4.71565,0.00367951,30,-nan(ind),-nan(ind),-nan(ind),-888.88,-nan(ind),-nan(ind),-nan(ind),-nan(ind),2.05861,1.47232,-nan(ind),-nan(ind),0,-1.32948,-1.21274,29.946
2.74411,1,1,0,5,0,8.60956,-0.728084,-4.71565,0.00367951,30,-nan(ind),-nan(ind),-nan(ind),-888.88,-nan(ind),-nan(ind),-nan(ind),-nan(ind),2.0586,1.47232,-nan(ind),-nan(ind),0,-1.31888,-1.21552,29.9463
2.75611,1,1,0,5,0,8.6098,-0.728141,-4.71565,0.00367951,30,-nan(ind),-nan(ind),-nan(ind),-888.88,-nan(ind),-nan(ind),-nan(ind),-nan(ind),2.0586,1.47232,-nan(ind),-nan(ind),0,-1.32163,-1.20913,29.9465
2.7673,1,1,0,5,0,8.60992,-0.727892,-4.71565,0.00367951,30,-nan(ind),-nan(ind),-nan(ind),-888.88,-nan(ind),-nan(ind),-nan(ind),-nan(ind),2.05862,1.47231,-nan(ind),-nan(ind),0,-1.32477,-1.20848,29.9464
2.77769,1,1,0,5,0,8.60976,-0.727678,-4.71565,0.00367951,30,-nan(ind),-nan(ind),-nan(ind),-888.88,-nan(ind),-nan(ind),-nan(ind),-nan(ind),2.05864,1.4723,-nan(ind),-nan(ind),0,-1.32189,-1.21136,29.9464
2.78873,1,1,0,5,0,8.609,-0.727619,-4.71565,0.00367951,30,-nan(ind),-nan(ind),-nan(ind),-888.88,-nan(ind),-nan(ind),-nan(ind),-nan(ind),2.05864,1.4723,-nan(ind),-nan(ind),0,-1.31877,-1.21248,29.9465
2.80083,1,1,0,5,0,8.60824,-0.727973,-4.71565,0.00367951,30,-nan(ind),-nan(ind),-nan(ind),-888.88,-nan(ind),-nan(ind),-nan(ind),-nan(ind),2.0586,1.47232,-nan(ind),-nan(ind),0,-1.32036,-1.21364,29.9463
2.81279,1,1,0,5,0,8.60954,-0.728105,-4.71565,0.00367951,30,-nan(ind),-nan(ind),-nan(ind),-888.88,-nan(ind),-nan(ind),-nan(ind),-nan(ind),2.0586,1.47232,-nan(ind),-nan(ind),0,-1.32242,-1.20933,29.9464
2.82451,1,1,0,5,0,8.61025,-0.728029,-4.71565,0.00367951,30,-nan(ind),-nan(ind),-nan(ind),-888.88,-nan(ind),-nan(ind),-nan(ind),-nan(ind),2.05861,1.47232,-nan(ind),-nan(ind),0,-1.32032,-1.20771,29.9466
2.83558,1,1,0,5,0,8.61076,-0.728062,-4.71565,0.00367951,30,-nan(ind),-nan(ind),-nan(ind),-888.88,-nan(ind),-nan(ind),-nan(ind),-nan(ind),2.05862,1.47232,-nan(ind),-nan(ind),0,-1.32235,-1.21867,29.9461
2.94012,1,1,0,5,0,8.61032,-0.727625,-4.71565,0.00367951,30,-nan(ind),-nan(ind),-nan(ind),-888.88,-nan(ind),-nan(ind),-nan(ind),-nan(ind),2.05865,1.4723,-nan(ind),-nan(ind),0,-1.32015,-1.21243,29.9464
